Experimental band gap,chemicalFormula,Computed band gap,composition,MagpieData minimum Number,MagpieData maximum Number,MagpieData range Number,MagpieData mean Number,MagpieData avg_dev Number,MagpieData mode Number,MagpieData minimum MendeleevNumber,MagpieData maximum MendeleevNumber,MagpieData range MendeleevNumber,MagpieData mean MendeleevNumber,MagpieData avg_dev MendeleevNumber,MagpieData mode MendeleevNumber,MagpieData minimum AtomicWeight,MagpieData maximum AtomicWeight,MagpieData range AtomicWeight,MagpieData mean AtomicWeight,MagpieData avg_dev AtomicWeight,MagpieData mode AtomicWeight,MagpieData minimum MeltingT,MagpieData maximum MeltingT,MagpieData range MeltingT,MagpieData mean MeltingT,MagpieData avg_dev MeltingT,MagpieData mode MeltingT,MagpieData minimum Column,MagpieData maximum Column,MagpieData range Column,MagpieData mean Column,MagpieData avg_dev Column,MagpieData mode Column,MagpieData minimum Row,MagpieData maximum Row,MagpieData range Row,MagpieData mean Row,MagpieData avg_dev Row,MagpieData mode Row,MagpieData minimum CovalentRadius,MagpieData maximum CovalentRadius,MagpieData range CovalentRadius,MagpieData mean CovalentRadius,MagpieData avg_dev CovalentRadius,MagpieData mode CovalentRadius,MagpieData minimum Electronegativity,MagpieData maximum Electronegativity,MagpieData range Electronegativity,MagpieData mean Electronegativity,MagpieData avg_dev Electronegativity,MagpieData mode Electronegativity,MagpieData minimum NsValence,MagpieData maximum NsValence,MagpieData range NsValence,MagpieData mean NsValence,MagpieData avg_dev NsValence,MagpieData mode NsValence,MagpieData minimum NpValence,MagpieData maximum NpValence,MagpieData range NpValence,MagpieData mean NpValence,MagpieData avg_dev NpValence,MagpieData mode NpValence,MagpieData minimum NdValence,MagpieData maximum NdValence,MagpieData range NdValence,MagpieData mean NdValence,MagpieData avg_dev NdValence,MagpieData mode NdValence,MagpieData minimum NfValence,MagpieData maximum NfValence,MagpieData range NfValence,MagpieData mean NfValence,MagpieData avg_dev NfValence,MagpieData mode NfValence,MagpieData minimum NValence,MagpieData maximum NValence,MagpieData range NValence,MagpieData mean NValence,MagpieData avg_dev NValence,MagpieData mode NValence,MagpieData minimum NsUnfilled,MagpieData maximum NsUnfilled,MagpieData range NsUnfilled,MagpieData mean NsUnfilled,MagpieData avg_dev NsUnfilled,MagpieData mode NsUnfilled,MagpieData minimum NpUnfilled,MagpieData maximum NpUnfilled,MagpieData range NpUnfilled,MagpieData mean NpUnfilled,MagpieData avg_dev NpUnfilled,MagpieData mode NpUnfilled,MagpieData minimum NdUnfilled,MagpieData maximum NdUnfilled,MagpieData range NdUnfilled,MagpieData mean NdUnfilled,MagpieData avg_dev NdUnfilled,MagpieData mode NdUnfilled,MagpieData minimum NfUnfilled,MagpieData maximum NfUnfilled,MagpieData range NfUnfilled,MagpieData mean NfUnfilled,MagpieData avg_dev NfUnfilled,MagpieData mode NfUnfilled,MagpieData minimum NUnfilled,MagpieData maximum NUnfilled,MagpieData range NUnfilled,MagpieData mean NUnfilled,MagpieData avg_dev NUnfilled,MagpieData mode NUnfilled,MagpieData minimum GSvolume_pa,MagpieData maximum GSvolume_pa,MagpieData range GSvolume_pa,MagpieData mean GSvolume_pa,MagpieData avg_dev GSvolume_pa,MagpieData mode GSvolume_pa,MagpieData minimum GSbandgap,MagpieData maximum GSbandgap,MagpieData range GSbandgap,MagpieData mean GSbandgap,MagpieData avg_dev GSbandgap,MagpieData mode GSbandgap,MagpieData minimum GSmagmom,MagpieData maximum GSmagmom,MagpieData range GSmagmom,MagpieData mean GSmagmom,MagpieData avg_dev GSmagmom,MagpieData mode GSmagmom,MagpieData minimum SpaceGroupNumber,MagpieData maximum SpaceGroupNumber,MagpieData range SpaceGroupNumber,MagpieData mean SpaceGroupNumber,MagpieData avg_dev SpaceGroupNumber,MagpieData mode SpaceGroupNumber
0.153,Bi2Te3,0.3861,Bi2 Te3,52,83,31,64.4,14.88,52,86,90,4,88.4,1.92,90,127.6,208.9804,81.3804,160.15216,39.062592,127.6,544.4,722.66,178.26,651.356,85.5648,722.66,15,16,1,15.6,0.48,16,5,6,1,5.4,0.48,5,138,148,10,142,4.8,138,2.02,2.1,0.08,2.068,0.0384,2.1,2,2,0,2,0,2,3,4,1,3.6,0.48,4,10,10,0,10,0,10,0,14,14,5.6,6.72,0,16,29,13,21.2,6.24,16,0,0,0,0,0,0,2,3,1,2.4,0.48,2,0,0,0,0,0,0,0,0,0,0,0,0,2,3,1,2.4,0.48,2,32.95,34.76333333,1.813333333,34.038,0.8704,34.76333333,0,0.464,0.464,0.2784,0.22272,0.464,0,0,0,0,0,0,12,152,140,96,67.2,152
0.567,Mg2Ge1,0.2505,Mg2 Ge1,12,32,20,18.66666667,8.888888889,12,68,79,11,71.66666667,4.888888889,68,24.305,72.64,48.335,40.41666667,21.48222222,24.305,923,1211.4,288.4,1019.133333,128.1777778,923,2,14,12,6,5.333333333,2,3,4,1,3.333333333,0.4444444444,3,120,141,21,134,9.333333333,141,1.31,2.01,0.7,1.543333333,0.3111111111,1.31,2,2,0,2,0,2,0,2,2,0.6666666667,0.8888888889,0,0,10,10,3.333333333,4.444444444,0,0,0,0,0,0,0,2,14,12,6,5.333333333,2,0,0,0,0,0,0,0,4,4,1.333333333,1.777777778,0,0,0,0,0,0,0,0,0,0,0,0,0,0,4,4,1.333333333,1.777777778,0,22.89,23.005,0.115,22.92833333,0.05111111111,22.89,0,0.383,0.383,0.1276666667,0.1702222222,0,0,0,0,0,0,0,194,225,31,204.3333333,13.77777778,194
0.045,Co1Si1,0,Co1 Si1,14,27,13,20.5,6.5,14,58,78,20,68,10,58,28.0855,58.933195,30.847695,43.5093475,15.4238475,28.0855,1687,1768,81,1727.5,40.5,1687,9,14,5,11.5,2.5,9,3,4,1,3.5,0.5,3,111,126,15,118.5,7.5,111,1.88,1.9,0.02,1.89,0.01,1.88,2,2,0,2,0,2,0,2,2,1,1,0,0,7,7,3.5,3.5,0,0,0,0,0,0,0,4,9,5,6.5,2.5,4,0,0,0,0,0,0,0,4,4,2,2,0,0,3,3,1.5,1.5,0,0,0,0,0,0,0,3,4,1,3.5,0.5,3,10.245,20.44,10.195,15.3425,5.0975,10.245,0,0.773,0.773,0.3865,0.3865,0,0,1.5484712,1.5484712,0.7742356,0.7742356,0,194,227,33,210.5,16.5,194
7.025,Na1Br1,4.0895,Na1 Br1,11,35,24,23,12,11,2,95,93,48.5,46.5,2,22.98976928,79.904,56.91423072,51.44688464,28.45711536,22.98976928,265.8,370.87,105.07,318.335,52.535,265.8,1,17,16,9,8,1,3,4,1,3.5,0.5,3,120,166,46,143,23,120,0.93,2.96,2.03,1.945,1.015,0.93,1,2,1,1.5,0.5,1,0,5,5,2.5,2.5,0,0,10,10,5,5,0,0,0,0,0,0,0,1,17,16,9,8,1,0,1,1,0.5,0.5,0,0,1,1,0.5,0.5,0,0,0,0,0,0,0,0,0,0,0,0,0,1,1,0,1,0,1,29.24333333,29.48,0.2366666667,29.36166667,0.1183333333,29.24333333,0,1.457,1.457,0.7285,0.7285,0,0,0,0,0,0,0,64,229,165,146.5,82.5,64
0.9,Ca2Sn1,0.0596,Ca2 Sn1,20,50,30,30,13.33333333,20,7,80,73,31.33333333,32.44444444,7,40.078,118.71,78.632,66.28866667,34.94755556,40.078,505.08,1115,609.92,911.6933333,271.0755556,1115,2,14,12,6,5.333333333,2,4,5,1,4.333333333,0.4444444444,4,139,176,37,163.6666667,16.44444444,176,1,1.96,0.96,1.32,0.4266666667,1,2,2,0,2,0,2,0,2,2,0.6666666667,0.8888888889,0,0,10,10,3.333333333,4.444444444,0,0,0,0,0,0,0,2,14,12,6,5.333333333,2,0,0,0,0,0,0,0,4,4,1.333333333,1.777777778,0,0,0,0,0,0,0,0,0,0,0,0,0,0,4,4,1.333333333,1.777777778,0,33.285,37.77,4.485,36.275,1.993333333,37.77,0,0,0,0,0,0,0,0,0,0,0,0,141,225,84,197,37.33333333,225
2.57,As2S3,2.1971,As2 S3,16,33,17,22.8,8.16,16,84,88,4,86.4,1.92,88,32.065,74.9216,42.8566,49.20764,20.571168,32.065,388.36,1090,701.64,669.016,336.7872,388.36,15,16,1,15.6,0.48,16,3,4,1,3.4,0.48,3,105,119,14,110.6,6.72,105,2.18,2.58,0.4,2.42,0.192,2.58,2,2,0,2,0,2,3,4,1,3.6,0.48,4,0,10,10,4,4.8,0,0,0,0,0,0,0,6,15,9,9.6,4.32,6,0,0,0,0,0,0,2,3,1,2.4,0.48,2,0,0,0,0,0,0,0,0,0,0,0,0,2,3,1,2.4,0.48,2,22.175,25.786875,3.611875,24.342125,1.7337,25.786875,0,2.202,2.202,1.3212,1.05696,2.202,0,0,0,0,0,0,70,166,96,108.4,46.08,70
3.35,Zn1O1,0.7316,Zn1 O1,8,30,22,19,11,8,69,87,18,78,9,69,15.9994,65.38,49.3806,40.6897,24.6903,15.9994,54.8,692.68,637.88,373.74,318.94,54.8,12,16,4,14,2,12,2,4,2,3,1,2,66,122,56,94,28,66,1.65,3.44,1.79,2.545,0.895,1.65,2,2,0,2,0,2,0,4,4,2,2,0,0,10,10,5,5,0,0,0,0,0,0,0,6,12,6,9,3,6,0,0,0,0,0,0,0,2,2,1,1,0,0,0,0,0,0,0,0,0,0,0,0,0,0,2,2,1,1,0,9.105,13.96,4.855,11.5325,2.4275,9.105,0,0,0,0,0,0,0,0,0,0,0,0,12,194,182,103,91,12
1.23,Cu2Se1,0.0763,Cu2 Se1,29,34,5,30.66666667,2.222222222,29,64,89,25,72.33333333,11.11111111,64,63.546,78.96,15.414,68.684,6.850666667,63.546,494,1357.77,863.77,1069.846667,383.8977778,1357.77,11,16,5,12.66666667,2.222222222,11,4,4,0,4,0,4,120,132,12,128,5.333333333,132,1.9,2.55,0.65,2.116666667,0.2888888889,1.9,1,2,1,1.333333333,0.4444444444,1,0,4,4,1.333333333,1.777777778,0,10,10,0,10,0,10,0,0,0,0,0,0,11,16,5,12.66666667,2.222222222,11,0,1,1,0.6666666667,0.4444444444,1,0,2,2,0.6666666667,0.8888888889,0,0,0,0,0,0,0,0,0,0,0,0,0,1,2,1,1.333333333,0.4444444444,1,11.07,25.92,14.85,16.02,6.6,11.07,0,0.799,0.799,0.2663333333,0.3551111111,0,0,0,0,0,0,0,14,225,211,154.6666667,93.77777778,225
0.7,Ge1Te1,0.8215,Ge1 Te1,32,52,20,42,10,32,79,90,11,84.5,5.5,79,72.64,127.6,54.96,100.12,27.48,72.64,722.66,1211.4,488.74,967.03,244.37,722.66,14,16,2,15,1,14,4,5,1,4.5,0.5,4,120,138,18,129,9,120,2.01,2.1,0.09,2.055,0.045,2.01,2,2,0,2,0,2,2,4,2,3,1,2,10,10,0,10,0,10,0,0,0,0,0,0,14,16,2,15,1,14,0,0,0,0,0,0,2,4,2,3,1,2,0,0,0,0,0,0,0,0,0,0,0,0,2,4,2,3,1,2,23.005,34.76333333,11.75833333,28.88416667,5.879166667,23.005,0.383,0.464,0.081,0.4235,0.0405,0.383,0,0,0,0,0,0,152,225,73,188.5,36.5,152
10,Ca1F2,7.2479,Ca1 F2,9,20,11,12.66666667,4.888888889,9,7,93,86,64.33333333,38.22222222,93,18.9984032,40.078,21.0795968,26.02493547,9.368709689,18.9984032,53.5,1115,1061.5,407.3333333,471.7777778,53.5,2,17,15,12,6.666666667,17,2,4,2,2.666666667,0.8888888889,2,57,176,119,96.66666667,52.88888889,57,1,3.98,2.98,2.986666667,1.324444444,3.98,2,2,0,2,0,2,0,5,5,3.333333333,2.222222222,5,0,0,0,0,0,0,0,0,0,0,0,0,2,7,5,5.333333333,2.222222222,7,0,0,0,0,0,0,0,1,1,0.6666666667,0.4444444444,1,0,0,0,0,0,0,0,0,0,0,0,0,0,1,1,0.6666666667,0.4444444444,1,9.7075,37.77,28.0625,19.06166667,12.47222222,9.7075,0,1.97,1.97,1.313333333,0.8755555556,1.97,0,0,0,0,0,0,15,225,210,85,93.33333333,15
2.1,Dy1N1,0.2115,Dy1 N1,7,66,59,36.5,29.5,7,31,82,51,56.5,25.5,31,14.0067,162.5,148.4933,88.25335,74.24665,14.0067,63.05,1685,1621.95,874.025,810.975,63.05,3,15,12,9,6,3,2,6,4,4,2,2,71,192,121,131.5,60.5,71,1.22,3.04,1.82,2.13,0.91,1.22,2,2,0,2,0,2,0,3,3,1.5,1.5,0,0,0,0,0,0,0,0,10,10,5,5,0,5,12,7,8.5,3.5,5,0,0,0,0,0,0,0,3,3,1.5,1.5,0,0,0,0,0,0,0,0,4,4,2,2,0,3,4,1,3.5,0.5,3,14.76875,31.24,16.47125,23.004375,8.235625,14.76875,0,6.437,6.437,3.2185,3.2185,0,0,0,0,0,0,0,194,194,0,194,0,194
1.15,Sb2Se3,0.8567,Sb2 Se3,34,51,17,40.8,8.16,34,85,89,4,87.4,1.92,89,78.96,121.76,42.8,96.08,20.544,78.96,494,903.78,409.78,657.912,196.6944,494,15,16,1,15.6,0.48,16,4,5,1,4.4,0.48,4,120,139,19,127.6,9.12,120,2.05,2.55,0.5,2.35,0.24,2.55,2,2,0,2,0,2,3,4,1,3.6,0.48,4,10,10,0,10,0,10,0,0,0,0,0,0,15,16,1,15.6,0.48,16,0,0,0,0,0,0,2,3,1,2.4,0.48,2,0,0,0,0,0,0,0,0,0,0,0,0,2,3,1,2.4,0.48,2,25.92,31.56,5.64,28.176,2.7072,25.92,0,0.799,0.799,0.4794,0.38352,0.799,0,0,0,0,0,0,14,166,152,74.8,72.96,14
0.404,In1As1,0.305,In1 As1,33,49,16,41,8,33,75,84,9,79.5,4.5,75,74.9216,114.818,39.8964,94.8698,19.9482,74.9216,429.75,1090,660.25,759.875,330.125,429.75,13,15,2,14,1,13,4,5,1,4.5,0.5,4,119,142,23,130.5,11.5,119,1.78,2.18,0.4,1.98,0.2,1.78,2,2,0,2,0,2,1,3,2,2,1,1,10,10,0,10,0,10,0,0,0,0,0,0,13,15,2,14,1,13,0,0,0,0,0,0,3,5,2,4,1,3,0,0,0,0,0,0,0,0,0,0,0,0,3,5,2,4,1,3,22.175,24.26,2.085,23.2175,1.0425,22.175,0,0,0,0,0,0,0,0,0,0,0,0,139,166,27,152.5,13.5,139
3.2,Cd1I2,2.4388,Cd1 I2,48,53,5,51.33333333,2.222222222,53,70,96,26,87.33333333,11.55555556,96,112.411,126.90447,14.49347,122.0733133,6.441542222,126.90447,386.85,594.22,207.37,455.9733333,92.16444444,386.85,12,17,5,15.33333333,2.222222222,17,5,5,0,5,0,5,139,144,5,140.6666667,2.222222222,139,1.69,2.66,0.97,2.336666667,0.4311111111,2.66,2,2,0,2,0,2,0,5,5,3.333333333,2.222222222,5,10,10,0,10,0,10,0,0,0,0,0,0,12,17,5,15.33333333,2.222222222,17,0,0,0,0,0,0,0,1,1,0.6666666667,0.4444444444,1,0,0,0,0,0,0,0,0,0,0,0,0,0,1,1,0.6666666667,0.4444444444,1,19.495,43.015,23.52,35.175,10.45333333,43.015,0,1.062,1.062,0.708,0.472,1.062,0,0,0,0,0,0,64,194,130,107.3333333,57.77777778,64
1.32,La2S3,1.0358,La2 S3,16,57,41,32.4,19.68,16,13,88,75,58,36,88,32.065,138.90547,106.84047,74.801188,51.2834256,32.065,388.36,1193,804.64,710.216,386.2272,388.36,3,16,13,10.8,6.24,16,3,6,3,4.2,1.44,3,105,207,102,145.8,48.96,105,1.1,2.58,1.48,1.988,0.7104,2.58,2,2,0,2,0,2,0,4,4,2.4,1.92,4,0,1,1,0.4,0.48,0,0,0,0,0,0,0,3,6,3,4.8,1.44,6,0,0,0,0,0,0,0,2,2,1.2,0.96,2,0,9,9,3.6,4.32,0,0,0,0,0,0,0,2,9,7,4.8,3.36,2,25.786875,36.8975,11.110625,30.231125,5.3331,25.786875,0,2.202,2.202,1.3212,1.05696,2.202,0,0,0,0,0,0,70,194,124,119.6,59.52,70
0.82,Mg3Sb2,0.1553,Mg3 Sb2,12,51,39,27.6,18.72,12,68,85,17,74.8,8.16,68,24.305,121.76,97.455,63.287,46.7784,24.305,903.78,923,19.22,915.312,9.2256,923,2,15,13,7.2,6.24,2,3,5,2,3.8,0.96,3,139,141,2,140.2,0.96,141,1.31,2.05,0.74,1.606,0.3552,1.31,2,2,0,2,0,2,0,3,3,1.2,1.44,0,0,10,10,4,4.8,0,0,0,0,0,0,0,2,15,13,7.2,6.24,2,0,0,0,0,0,0,0,3,3,1.2,1.44,0,0,0,0,0,0,0,0,0,0,0,0,0,0,3,3,1.2,1.44,0,22.89,31.56,8.67,26.358,4.1616,22.89,0,0,0,0,0,0,0,0,0,0,0,0,166,194,28,182.8,13.44,194
1.15,Cu2Te1,0,Cu2 Te1,29,52,23,36.66666667,10.22222222,29,64,90,26,72.66666667,11.55555556,64,63.546,127.6,64.054,84.89733333,28.46844444,63.546,722.66,1357.77,635.11,1146.066667,282.2711111,1357.77,11,16,5,12.66666667,2.222222222,11,4,5,1,4.333333333,0.4444444444,4,132,138,6,134,2.666666667,132,1.9,2.1,0.2,1.966666667,0.08888888889,1.9,1,2,1,1.333333333,0.4444444444,1,0,4,4,1.333333333,1.777777778,0,10,10,0,10,0,10,0,0,0,0,0,0,11,16,5,12.66666667,2.222222222,11,0,1,1,0.6666666667,0.4444444444,1,0,2,2,0.6666666667,0.8888888889,0,0,0,0,0,0,0,0,0,0,0,0,0,1,2,1,1.333333333,0.4444444444,1,11.07,34.76333333,23.69333333,18.96777778,10.53037037,11.07,0,0.464,0.464,0.1546666667,0.2062222222,0,0,0,0,0,0,0,152,225,73,200.6666667,32.44444444,225
0.19,Pb1Te1,1.0582,Pb1 Te1,52,82,30,67,15,52,81,90,9,85.5,4.5,81,127.6,207.2,79.6,167.4,39.8,127.6,600.61,722.66,122.05,661.635,61.025,600.61,14,16,2,15,1,14,5,6,1,5.5,0.5,5,138,146,8,142,4,138,2.1,2.33,0.23,2.215,0.115,2.1,2,2,0,2,0,2,2,4,2,3,1,2,10,10,0,10,0,10,0,14,14,7,7,0,16,28,12,22,6,16,0,0,0,0,0,0,2,4,2,3,1,2,0,0,0,0,0,0,0,0,0,0,0,0,2,4,2,3,1,2,28.11,34.76333333,6.653333333,31.43666667,3.326666667,28.11,0,0.464,0.464,0.232,0.232,0,0,0,0,0,0,0,152,225,73,188.5,36.5,152
0.465,Cd1Sb1,0.0532,Cd1 Sb1,48,51,3,49.5,1.5,48,70,85,15,77.5,7.5,70,112.411,121.76,9.349,117.0855,4.6745,112.411,594.22,903.78,309.56,749,154.78,594.22,12,15,3,13.5,1.5,12,5,5,0,5,0,5,139,144,5,141.5,2.5,139,1.69,2.05,0.36,1.87,0.18,1.69,2,2,0,2,0,2,0,3,3,1.5,1.5,0,10,10,0,10,0,10,0,0,0,0,0,0,12,15,3,13.5,1.5,12,0,0,0,0,0,0,0,3,3,1.5,1.5,0,0,0,0,0,0,0,0,0,0,0,0,0,0,3,3,1.5,1.5,0,19.495,31.56,12.065,25.5275,6.0325,19.495,0,0,0,0,0,0,0,0,0,0,0,0,166,194,28,180,14,166
6.1,Ca1O1,3.6919,Ca1 O1,8,20,12,14,6,8,7,87,80,47,40,7,15.9994,40.078,24.0786,28.0387,12.0393,15.9994,54.8,1115,1060.2,584.9,530.1,54.8,2,16,14,9,7,2,2,4,2,3,1,2,66,176,110,121,55,66,1,3.44,2.44,2.22,1.22,1,2,2,0,2,0,2,0,4,4,2,2,0,0,0,0,0,0,0,0,0,0,0,0,0,2,6,4,4,2,2,0,0,0,0,0,0,0,2,2,1,1,0,0,0,0,0,0,0,0,0,0,0,0,0,0,2,2,1,1,0,9.105,37.77,28.665,23.4375,14.3325,9.105,0,0,0,0,0,0,0,0,0,0,0,0,12,225,213,118.5,106.5,12
2,As2S3,2.1971,As2 S3,16,33,17,22.8,8.16,16,84,88,4,86.4,1.92,88,32.065,74.9216,42.8566,49.20764,20.571168,32.065,388.36,1090,701.64,669.016,336.7872,388.36,15,16,1,15.6,0.48,16,3,4,1,3.4,0.48,3,105,119,14,110.6,6.72,105,2.18,2.58,0.4,2.42,0.192,2.58,2,2,0,2,0,2,3,4,1,3.6,0.48,4,0,10,10,4,4.8,0,0,0,0,0,0,0,6,15,9,9.6,4.32,6,0,0,0,0,0,0,2,3,1,2.4,0.48,2,0,0,0,0,0,0,0,0,0,0,0,0,2,3,1,2.4,0.48,2,22.175,25.786875,3.611875,24.342125,1.7337,25.786875,0,2.202,2.202,1.3212,1.05696,2.202,0,0,0,0,0,0,70,166,96,108.4,46.08,70
0.57,Mg2Ge1,0.2505,Mg2 Ge1,12,32,20,18.66666667,8.888888889,12,68,79,11,71.66666667,4.888888889,68,24.305,72.64,48.335,40.41666667,21.48222222,24.305,923,1211.4,288.4,1019.133333,128.1777778,923,2,14,12,6,5.333333333,2,3,4,1,3.333333333,0.4444444444,3,120,141,21,134,9.333333333,141,1.31,2.01,0.7,1.543333333,0.3111111111,1.31,2,2,0,2,0,2,0,2,2,0.6666666667,0.8888888889,0,0,10,10,3.333333333,4.444444444,0,0,0,0,0,0,0,2,14,12,6,5.333333333,2,0,0,0,0,0,0,0,4,4,1.333333333,1.777777778,0,0,0,0,0,0,0,0,0,0,0,0,0,0,4,4,1.333333333,1.777777778,0,22.89,23.005,0.115,22.92833333,0.05111111111,22.89,0,0.383,0.383,0.1276666667,0.1702222222,0,0,0,0,0,0,0,194,225,31,204.3333333,13.77777778,194
6,Ca1S1,2.5596,Ca1 S1,16,20,4,18,2,16,7,88,81,47.5,40.5,7,32.065,40.078,8.013,36.0715,4.0065,32.065,388.36,1115,726.64,751.68,363.32,388.36,2,16,14,9,7,2,3,4,1,3.5,0.5,3,105,176,71,140.5,35.5,105,1,2.58,1.58,1.79,0.79,1,2,2,0,2,0,2,0,4,4,2,2,0,0,0,0,0,0,0,0,0,0,0,0,0,2,6,4,4,2,2,0,0,0,0,0,0,0,2,2,1,1,0,0,0,0,0,0,0,0,0,0,0,0,0,0,2,2,1,1,0,25.786875,37.77,11.983125,31.7784375,5.9915625,25.786875,0,2.202,2.202,1.101,1.101,0,0,0,0,0,0,0,70,225,155,147.5,77.5,70
2.676,Ag1Br1,1.1708,Ag1 Br1,35,47,12,41,6,35,65,95,30,80,15,65,79.904,107.8682,27.9642,93.8861,13.9821,79.904,265.8,1234.93,969.13,750.365,484.565,265.8,11,17,6,14,3,11,4,5,1,4.5,0.5,4,120,145,25,132.5,12.5,120,1.93,2.96,1.03,2.445,0.515,1.93,1,2,1,1.5,0.5,1,0,5,5,2.5,2.5,0,10,10,0,10,0,10,0,0,0,0,0,0,11,17,6,14,3,11,0,1,1,0.5,0.5,0,0,1,1,0.5,0.5,0,0,0,0,0,0,0,0,0,0,0,0,0,1,1,0,1,0,1,16.33,29.48,13.15,22.905,6.575,16.33,0,1.457,1.457,0.7285,0.7285,0,0,0,0,0,0,0,64,225,161,144.5,80.5,64
2.35,Zn1Te1,1.0782,Zn1 Te1,30,52,22,41,11,30,69,90,21,79.5,10.5,69,65.38,127.6,62.22,96.49,31.11,65.38,692.68,722.66,29.98,707.67,14.99,692.68,12,16,4,14,2,12,4,5,1,4.5,0.5,4,122,138,16,130,8,122,1.65,2.1,0.45,1.875,0.225,1.65,2,2,0,2,0,2,0,4,4,2,2,0,10,10,0,10,0,10,0,0,0,0,0,0,12,16,4,14,2,12,0,0,0,0,0,0,0,2,2,1,1,0,0,0,0,0,0,0,0,0,0,0,0,0,0,2,2,1,1,0,13.96,34.76333333,20.80333333,24.36166667,10.40166667,13.96,0,0.464,0.464,0.232,0.232,0,0,0,0,0,0,0,152,194,42,173,21,152
1.25,Zr1Se3,0.557,Zr1 Se3,34,40,6,35.5,2.25,34,44,89,45,77.75,16.875,89,78.96,91.224,12.264,82.026,4.599,78.96,494,2128,1634,902.5,612.75,494,4,16,12,13,4.5,16,4,5,1,4.25,0.375,4,120,175,55,133.75,20.625,120,1.33,2.55,1.22,2.245,0.4575,2.55,2,2,0,2,0,2,0,4,4,3,1.5,4,2,10,8,8,3,10,0,0,0,0,0,0,4,16,12,13,4.5,16,0,0,0,0,0,0,0,2,2,1.5,0.75,2,0,8,8,2,3,0,0,0,0,0,0,0,2,8,6,3.5,2.25,2,23.195,25.92,2.725,25.23875,1.021875,25.92,0,0.799,0.799,0.59925,0.299625,0.799,0,0,0,0,0,0,14,194,180,59,67.5,14
0.015,Cr3Se4,0,Cr3 Se4,24,34,10,29.71428571,4.897959184,34,49,89,40,71.85714286,19.59183673,89,51.9961,78.96,26.9639,67.40404286,13.20680816,78.96,494,2180,1686,1216.571429,825.7959184,494,6,16,10,11.71428571,4.897959184,16,4,4,0,4,0,4,120,139,19,128.1428571,9.306122449,120,1.66,2.55,0.89,2.168571429,0.4359183673,2.55,1,2,1,1.571428571,0.4897959184,2,0,4,4,2.285714286,1.959183673,4,5,10,5,7.857142857,2.448979592,10,0,0,0,0,0,0,6,16,10,11.71428571,4.897959184,16,0,1,1,0.4285714286,0.4897959184,0,0,2,2,1.142857143,0.9795918367,2,0,5,5,2.142857143,2.448979592,0,0,0,0,0,0,0,2,6,4,3.714285714,1.959183673,2,11.19,25.92,14.73,19.60714286,7.214693878,25.92,0,0.799,0.799,0.4565714286,0.3913469388,0.799,0,0,0,0,0,0,14,229,215,106.1428571,105.3061224,14
0.7,Hg1S1,0,Hg1 S1,16,80,64,48,32,16,71,88,17,79.5,8.5,71,32.065,200.59,168.525,116.3275,84.2625,32.065,234.32,388.36,154.04,311.34,77.02,234.32,12,16,4,14,2,12,3,6,3,4.5,1.5,3,105,132,27,118.5,13.5,105,2,2.58,0.58,2.29,0.29,2,2,2,0,2,0,2,0,4,4,2,2,0,0,10,10,5,5,0,0,14,14,7,7,0,6,26,20,16,10,6,0,0,0,0,0,0,0,2,2,1,1,0,0,0,0,0,0,0,0,0,0,0,0,0,0,2,2,1,1,0,25.23758621,25.786875,0.5492887931,25.5122306,0.2746443965,25.23758621,0,2.202,2.202,1.101,1.101,0,0,0,0,0,0,0,70,166,96,118,48,70
1.68,Cr2O3,2.4343,Cr2 O3,8,24,16,14.4,7.68,8,49,87,38,71.8,18.24,87,15.9994,51.9961,35.9967,30.39808,17.278416,15.9994,54.8,2180,2125.2,904.88,1020.096,54.8,6,16,10,12,4.8,16,2,4,2,2.8,0.96,2,66,139,73,95.2,35.04,66,1.66,3.44,1.78,2.728,0.8544,3.44,1,2,1,1.6,0.48,2,0,4,4,2.4,1.92,4,0,5,5,2,2.4,0,0,0,0,0,0,0,6,6,0,6,0,6,0,1,1,0.4,0.48,0,0,2,2,1.2,0.96,2,0,5,5,2,2.4,0,0,0,0,0,0,0,2,6,4,3.6,1.92,2,9.105,11.19,2.085,9.939,1.0008,9.105,0,0,0,0,0,0,0,0,0,0,0,0,12,229,217,98.8,104.16,12
2.69,Ge1Se2,1.6631,Ge1 Se2,32,34,2,33.33333333,0.8888888889,34,79,89,10,85.66666667,4.444444444,89,72.64,78.96,6.32,76.85333333,2.808888889,78.96,494,1211.4,717.4,733.1333333,318.8444444,494,14,16,2,15.33333333,0.8888888889,16,4,4,0,4,0,4,120,120,0,120,0,120,2.01,2.55,0.54,2.37,0.24,2.55,2,2,0,2,0,2,2,4,2,3.333333333,0.8888888889,4,10,10,0,10,0,10,0,0,0,0,0,0,14,16,2,15.33333333,0.8888888889,16,0,0,0,0,0,0,2,4,2,2.666666667,0.8888888889,2,0,0,0,0,0,0,0,0,0,0,0,0,2,4,2,2.666666667,0.8888888889,2,23.005,25.92,2.915,24.94833333,1.295555556,25.92,0.383,0.799,0.416,0.6603333333,0.1848888889,0.799,0,0,0,0,0,0,14,225,211,84.33333333,93.77777778,14
1,Ge1As2,0.7206,Ge1 As2,32,33,1,32.66666667,0.4444444444,33,79,84,5,82.33333333,2.222222222,84,72.64,74.9216,2.2816,74.16106667,1.014044444,74.9216,1090,1211.4,121.4,1130.466667,53.95555556,1090,14,15,1,14.66666667,0.4444444444,15,4,4,0,4,0,4,119,120,1,119.3333333,0.4444444444,119,2.01,2.18,0.17,2.123333333,0.07555555556,2.18,2,2,0,2,0,2,2,3,1,2.666666667,0.4444444444,3,10,10,0,10,0,10,0,0,0,0,0,0,14,15,1,14.66666667,0.4444444444,15,0,0,0,0,0,0,3,4,1,3.333333333,0.4444444444,3,0,0,0,0,0,0,0,0,0,0,0,0,3,4,1,3.333333333,0.4444444444,3,22.175,23.005,0.83,22.45166667,0.3688888889,22.175,0,0.383,0.383,0.1276666667,0.1702222222,0,0,0,0,0,0,0,166,225,59,185.6666667,26.22222222,166
4.1,La1B6,0,La1 B6,5,57,52,12.42857143,12.73469388,5,13,72,59,63.57142857,14.44897959,72,10.811,138.90547,128.09447,29.11021,31.37007429,10.811,1193,2348,1155,2183,282.8571429,2348,3,13,10,11.57142857,2.448979592,13,2,6,4,2.571428571,0.9795918367,2,84,207,123,101.5714286,30.12244898,84,1.1,2.04,0.94,1.905714286,0.2302040816,2.04,2,2,0,2,0,2,0,1,1,0.8571428571,0.2448979592,1,0,1,1,0.1428571429,0.2448979592,0,0,0,0,0,0,0,3,3,0,3,0,3,0,0,0,0,0,0,0,5,5,4.285714286,1.224489796,5,0,9,9,1.285714286,2.204081633,0,0,0,0,0,0,0,5,9,4,5.571428571,0.9795918367,5,7.1725,36.8975,29.725,11.41892857,7.279591837,7.1725,0,1.524,1.524,1.306285714,0.3732244898,1.524,0,0,0,0,0,0,166,194,28,170,6.857142857,166
7.77,Mg1O1,4.638,Mg1 O1,8,12,4,10,2,8,68,87,19,77.5,9.5,68,15.9994,24.305,8.3056,20.1522,4.1528,15.9994,54.8,923,868.2,488.9,434.1,54.8,2,16,14,9,7,2,2,3,1,2.5,0.5,2,66,141,75,103.5,37.5,66,1.31,3.44,2.13,2.375,1.065,1.31,2,2,0,2,0,2,0,4,4,2,2,0,0,0,0,0,0,0,0,0,0,0,0,0,2,6,4,4,2,2,0,0,0,0,0,0,0,2,2,1,1,0,0,0,0,0,0,0,0,0,0,0,0,0,0,2,2,1,1,0,9.105,22.89,13.785,15.9975,6.8925,9.105,0,0,0,0,0,0,0,0,0,0,0,0,12,194,182,103,91,12
2.8,As2S3,2.1971,As2 S3,16,33,17,22.8,8.16,16,84,88,4,86.4,1.92,88,32.065,74.9216,42.8566,49.20764,20.571168,32.065,388.36,1090,701.64,669.016,336.7872,388.36,15,16,1,15.6,0.48,16,3,4,1,3.4,0.48,3,105,119,14,110.6,6.72,105,2.18,2.58,0.4,2.42,0.192,2.58,2,2,0,2,0,2,3,4,1,3.6,0.48,4,0,10,10,4,4.8,0,0,0,0,0,0,0,6,15,9,9.6,4.32,6,0,0,0,0,0,0,2,3,1,2.4,0.48,2,0,0,0,0,0,0,0,0,0,0,0,0,2,3,1,2.4,0.48,2,22.175,25.786875,3.611875,24.342125,1.7337,25.786875,0,2.202,2.202,1.3212,1.05696,2.202,0,0,0,0,0,0,70,166,96,108.4,46.08,70
0.585,Cd1Sb1,0.0532,Cd1 Sb1,48,51,3,49.5,1.5,48,70,85,15,77.5,7.5,70,112.411,121.76,9.349,117.0855,4.6745,112.411,594.22,903.78,309.56,749,154.78,594.22,12,15,3,13.5,1.5,12,5,5,0,5,0,5,139,144,5,141.5,2.5,139,1.69,2.05,0.36,1.87,0.18,1.69,2,2,0,2,0,2,0,3,3,1.5,1.5,0,10,10,0,10,0,10,0,0,0,0,0,0,12,15,3,13.5,1.5,12,0,0,0,0,0,0,0,3,3,1.5,1.5,0,0,0,0,0,0,0,0,0,0,0,0,0,0,3,3,1.5,1.5,0,19.495,31.56,12.065,25.5275,6.0325,19.495,0,0,0,0,0,0,0,0,0,0,0,0,166,194,28,180,14,166
2.32,As2S3,2.1971,As2 S3,16,33,17,22.8,8.16,16,84,88,4,86.4,1.92,88,32.065,74.9216,42.8566,49.20764,20.571168,32.065,388.36,1090,701.64,669.016,336.7872,388.36,15,16,1,15.6,0.48,16,3,4,1,3.4,0.48,3,105,119,14,110.6,6.72,105,2.18,2.58,0.4,2.42,0.192,2.58,2,2,0,2,0,2,3,4,1,3.6,0.48,4,0,10,10,4,4.8,0,0,0,0,0,0,0,6,15,9,9.6,4.32,6,0,0,0,0,0,0,2,3,1,2.4,0.48,2,0,0,0,0,0,0,0,0,0,0,0,0,2,3,1,2.4,0.48,2,22.175,25.786875,3.611875,24.342125,1.7337,25.786875,0,2.202,2.202,1.3212,1.05696,2.202,0,0,0,0,0,0,70,166,96,108.4,46.08,70
0.28,Ag2Te1,0,Ag2 Te1,47,52,5,48.66666667,2.222222222,47,65,90,25,73.33333333,11.11111111,65,107.8682,127.6,19.7318,114.4454667,8.769688889,107.8682,722.66,1234.93,512.27,1064.173333,227.6755556,1234.93,11,16,5,12.66666667,2.222222222,11,5,5,0,5,0,5,138,145,7,142.6666667,3.111111111,145,1.93,2.1,0.17,1.986666667,0.07555555556,1.93,1,2,1,1.333333333,0.4444444444,1,0,4,4,1.333333333,1.777777778,0,10,10,0,10,0,10,0,0,0,0,0,0,11,16,5,12.66666667,2.222222222,11,0,1,1,0.6666666667,0.4444444444,1,0,2,2,0.6666666667,0.8888888889,0,0,0,0,0,0,0,0,0,0,0,0,0,1,2,1,1.333333333,0.4444444444,1,16.33,34.76333333,18.43333333,22.47444444,8.192592593,16.33,0,0.464,0.464,0.1546666667,0.2062222222,0,0,0,0,0,0,0,152,225,73,200.6666667,32.44444444,225
1.1,As2Se3,0.625,As2 Se3,33,34,1,33.6,0.48,34,84,89,5,87,2.4,89,74.9216,78.96,4.0384,77.34464,1.938432,78.96,494,1090,596,732.4,286.08,494,15,16,1,15.6,0.48,16,4,4,0,4,0,4,119,120,1,119.6,0.48,120,2.18,2.55,0.37,2.402,0.1776,2.55,2,2,0,2,0,2,3,4,1,3.6,0.48,4,10,10,0,10,0,10,0,0,0,0,0,0,15,16,1,15.6,0.48,16,0,0,0,0,0,0,2,3,1,2.4,0.48,2,0,0,0,0,0,0,0,0,0,0,0,0,2,3,1,2.4,0.48,2,22.175,25.92,3.745,24.422,1.7976,25.92,0,0.799,0.799,0.4794,0.38352,0.799,0,0,0,0,0,0,14,166,152,74.8,72.96,14
5.8,Na1I1,3.5692,Na1 I1,11,53,42,32,21,11,2,96,94,49,47,2,22.98976928,126.90447,103.9147007,74.94711964,51.95735036,22.98976928,370.87,386.85,15.98,378.86,7.99,370.87,1,17,16,9,8,1,3,5,2,4,1,3,139,166,27,152.5,13.5,139,0.93,2.66,1.73,1.795,0.865,0.93,1,2,1,1.5,0.5,1,0,5,5,2.5,2.5,0,0,10,10,5,5,0,0,0,0,0,0,0,1,17,16,9,8,1,0,1,1,0.5,0.5,0,0,1,1,0.5,0.5,0,0,0,0,0,0,0,0,0,0,0,0,0,1,1,0,1,0,1,29.24333333,43.015,13.77166667,36.12916667,6.885833333,29.24333333,0,1.062,1.062,0.531,0.531,0,0,0,0,0,0,0,64,229,165,146.5,82.5,64
1,Cd1As2,0.1932,Cd1 As2,33,48,15,38,6.666666667,33,70,84,14,79.33333333,6.222222222,84,74.9216,112.411,37.4894,87.41806667,16.66195556,74.9216,594.22,1090,495.78,924.74,220.3466667,1090,12,15,3,14,1.333333333,15,4,5,1,4.333333333,0.4444444444,4,119,144,25,127.3333333,11.11111111,119,1.69,2.18,0.49,2.016666667,0.2177777778,2.18,2,2,0,2,0,2,0,3,3,2,1.333333333,3,10,10,0,10,0,10,0,0,0,0,0,0,12,15,3,14,1.333333333,15,0,0,0,0,0,0,0,3,3,2,1.333333333,3,0,0,0,0,0,0,0,0,0,0,0,0,0,3,3,2,1.333333333,3,19.495,22.175,2.68,21.28166667,1.191111111,22.175,0,0,0,0,0,0,0,0,0,0,0,0,166,194,28,175.3333333,12.44444444,166
0.234,In1Sb1,0,In1 Sb1,49,51,2,50,1,49,75,85,10,80,5,75,114.818,121.76,6.942,118.289,3.471,114.818,429.75,903.78,474.03,666.765,237.015,429.75,13,15,2,14,1,13,5,5,0,5,0,5,139,142,3,140.5,1.5,139,1.78,2.05,0.27,1.915,0.135,1.78,2,2,0,2,0,2,1,3,2,2,1,1,10,10,0,10,0,10,0,0,0,0,0,0,13,15,2,14,1,13,0,0,0,0,0,0,3,5,2,4,1,3,0,0,0,0,0,0,0,0,0,0,0,0,3,5,2,4,1,3,24.26,31.56,7.3,27.91,3.65,24.26,0,0,0,0,0,0,0,0,0,0,0,0,139,166,27,152.5,13.5,139
0.65,Ge1As1,0.6389,Ge1 As1,32,33,1,32.5,0.5,32,79,84,5,81.5,2.5,79,72.64,74.9216,2.2816,73.7808,1.1408,72.64,1090,1211.4,121.4,1150.7,60.7,1090,14,15,1,14.5,0.5,14,4,4,0,4,0,4,119,120,1,119.5,0.5,119,2.01,2.18,0.17,2.095,0.085,2.01,2,2,0,2,0,2,2,3,1,2.5,0.5,2,10,10,0,10,0,10,0,0,0,0,0,0,14,15,1,14.5,0.5,14,0,0,0,0,0,0,3,4,1,3.5,0.5,3,0,0,0,0,0,0,0,0,0,0,0,0,3,4,1,3.5,0.5,3,22.175,23.005,0.83,22.59,0.415,22.175,0,0.383,0.383,0.1915,0.1915,0,0,0,0,0,0,0,166,225,59,195.5,29.5,166
7.03,Ca1O1,3.6919,Ca1 O1,8,20,12,14,6,8,7,87,80,47,40,7,15.9994,40.078,24.0786,28.0387,12.0393,15.9994,54.8,1115,1060.2,584.9,530.1,54.8,2,16,14,9,7,2,2,4,2,3,1,2,66,176,110,121,55,66,1,3.44,2.44,2.22,1.22,1,2,2,0,2,0,2,0,4,4,2,2,0,0,0,0,0,0,0,0,0,0,0,0,0,2,6,4,4,2,2,0,0,0,0,0,0,0,2,2,1,1,0,0,0,0,0,0,0,0,0,0,0,0,0,0,2,2,1,1,0,9.105,37.77,28.665,23.4375,14.3325,9.105,0,0,0,0,0,0,0,0,0,0,0,0,12,225,213,118.5,106.5,12
1.58,Ge1S1,1.237,Ge1 S1,16,32,16,24,8,16,79,88,9,83.5,4.5,79,32.065,72.64,40.575,52.3525,20.2875,32.065,388.36,1211.4,823.04,799.88,411.52,388.36,14,16,2,15,1,14,3,4,1,3.5,0.5,3,105,120,15,112.5,7.5,105,2.01,2.58,0.57,2.295,0.285,2.01,2,2,0,2,0,2,2,4,2,3,1,2,0,10,10,5,5,0,0,0,0,0,0,0,6,14,8,10,4,6,0,0,0,0,0,0,2,4,2,3,1,2,0,0,0,0,0,0,0,0,0,0,0,0,2,4,2,3,1,2,23.005,25.786875,2.781875,24.3959375,1.3909375,23.005,0.383,2.202,1.819,1.2925,0.9095,0.383,0,0,0,0,0,0,70,225,155,147.5,77.5,70
2.205,Al1As1,1.6871,Al1 As1,13,33,20,23,10,13,73,84,11,78.5,5.5,73,26.9815386,74.9216,47.9400614,50.9515693,23.9700307,26.9815386,933.47,1090,156.53,1011.735,78.265,933.47,13,15,2,14,1,13,3,4,1,3.5,0.5,3,119,121,2,120,1,119,1.61,2.18,0.57,1.895,0.285,1.61,2,2,0,2,0,2,1,3,2,2,1,1,0,10,10,5,5,0,0,0,0,0,0,0,3,15,12,9,6,3,0,0,0,0,0,0,3,5,2,4,1,3,0,0,0,0,0,0,0,0,0,0,0,0,3,5,2,4,1,3,16.48,22.175,5.695,19.3275,2.8475,16.48,0,0,0,0,0,0,0,0,0,0,0,0,166,225,59,195.5,29.5,166
0.145,Bi2Te3,0.3861,Bi2 Te3,52,83,31,64.4,14.88,52,86,90,4,88.4,1.92,90,127.6,208.9804,81.3804,160.15216,39.062592,127.6,544.4,722.66,178.26,651.356,85.5648,722.66,15,16,1,15.6,0.48,16,5,6,1,5.4,0.48,5,138,148,10,142,4.8,138,2.02,2.1,0.08,2.068,0.0384,2.1,2,2,0,2,0,2,3,4,1,3.6,0.48,4,10,10,0,10,0,10,0,14,14,5.6,6.72,0,16,29,13,21.2,6.24,16,0,0,0,0,0,0,2,3,1,2.4,0.48,2,0,0,0,0,0,0,0,0,0,0,0,0,2,3,1,2.4,0.48,2,32.95,34.76333333,1.813333333,34.038,0.8704,34.76333333,0,0.464,0.464,0.2784,0.22272,0.464,0,0,0,0,0,0,12,152,140,96,67.2,152
2.4,As4S4,2.1214,As4 S4,16,33,17,24.5,8.5,16,84,88,4,86,2,84,32.065,74.9216,42.8566,53.4933,21.4283,32.065,388.36,1090,701.64,739.18,350.82,388.36,15,16,1,15.5,0.5,15,3,4,1,3.5,0.5,3,105,119,14,112,7,105,2.18,2.58,0.4,2.38,0.2,2.18,2,2,0,2,0,2,3,4,1,3.5,0.5,3,0,10,10,5,5,0,0,0,0,0,0,0,6,15,9,10.5,4.5,6,0,0,0,0,0,0,2,3,1,2.5,0.5,2,0,0,0,0,0,0,0,0,0,0,0,0,2,3,1,2.5,0.5,2,22.175,25.786875,3.611875,23.9809375,1.8059375,22.175,0,2.202,2.202,1.101,1.101,0,0,0,0,0,0,0,70,166,96,118,48,70
0.46,Sm1Se1,0,Sm1 Se1,34,62,28,48,14,34,23,89,66,56,33,23,78.96,150.36,71.4,114.66,35.7,78.96,494,1345,851,919.5,425.5,494,3,16,13,9.5,6.5,3,4,6,2,5,1,4,120,198,78,159,39,120,1.17,2.55,1.38,1.86,0.69,1.17,2,2,0,2,0,2,0,4,4,2,2,0,0,10,10,5,5,0,0,6,6,3,3,0,8,16,8,12,4,8,0,0,0,0,0,0,0,2,2,1,1,0,0,0,0,0,0,0,0,8,8,4,4,0,2,8,6,5,3,2,25.92,33.23,7.31,29.575,3.655,25.92,0,0.799,0.799,0.3995,0.3995,0,0,0,0,0,0,0,14,166,152,90,76,14
2.3,Cd1O1,0,Cd1 O1,8,48,40,28,20,8,70,87,17,78.5,8.5,70,15.9994,112.411,96.4116,64.2052,48.2058,15.9994,54.8,594.22,539.42,324.51,269.71,54.8,12,16,4,14,2,12,2,5,3,3.5,1.5,2,66,144,78,105,39,66,1.69,3.44,1.75,2.565,0.875,1.69,2,2,0,2,0,2,0,4,4,2,2,0,0,10,10,5,5,0,0,0,0,0,0,0,6,12,6,9,3,6,0,0,0,0,0,0,0,2,2,1,1,0,0,0,0,0,0,0,0,0,0,0,0,0,0,2,2,1,1,0,9.105,19.495,10.39,14.3,5.195,9.105,0,0,0,0,0,0,0,0,0,0,0,0,12,194,182,103,91,12
1.05,Cu2S1,0.3475,Cu2 S1,16,29,13,24.66666667,5.777777778,29,64,88,24,72,10.66666667,64,32.065,63.546,31.481,53.05233333,13.99155556,63.546,388.36,1357.77,969.41,1034.633333,430.8488889,1357.77,11,16,5,12.66666667,2.222222222,11,3,4,1,3.666666667,0.4444444444,4,105,132,27,123,12,132,1.9,2.58,0.68,2.126666667,0.3022222222,1.9,1,2,1,1.333333333,0.4444444444,1,0,4,4,1.333333333,1.777777778,0,0,10,10,6.666666667,4.444444444,10,0,0,0,0,0,0,6,11,5,9.333333333,2.222222222,11,0,1,1,0.6666666667,0.4444444444,1,0,2,2,0.6666666667,0.8888888889,0,0,0,0,0,0,0,0,0,0,0,0,0,1,2,1,1.333333333,0.4444444444,1,11.07,25.786875,14.716875,15.975625,6.540833333,11.07,0,2.202,2.202,0.734,0.9786666667,0,0,0,0,0,0,0,70,225,155,173.3333333,68.88888889,225
3.9,Sn1Cl2,3.1079,Sn1 Cl2,17,50,33,28,14.66666667,17,80,94,14,89.33333333,6.222222222,94,35.453,118.71,83.257,63.20533333,37.00311111,35.453,171.6,505.08,333.48,282.76,148.2133333,171.6,14,17,3,16,1.333333333,17,3,5,2,3.666666667,0.8888888889,3,102,139,37,114.3333333,16.44444444,102,1.96,3.16,1.2,2.76,0.5333333333,3.16,2,2,0,2,0,2,2,5,3,4,1.333333333,5,0,10,10,3.333333333,4.444444444,0,0,0,0,0,0,0,7,14,7,9.333333333,3.111111111,7,0,0,0,0,0,0,1,4,3,2,1.333333333,1,0,0,0,0,0,0,0,0,0,0,0,0,1,4,3,2,1.333333333,1,24.4975,33.285,8.7875,27.42666667,3.905555556,24.4975,0,2.493,2.493,1.662,1.108,2.493,0,0,0,0,0,0,64,141,77,89.66666667,34.22222222,64
6.37,Rb1I1,3.9541,Rb1 I1,37,53,16,45,8,37,4,96,92,50,46,4,85.4678,126.90447,41.43667,106.186135,20.718335,85.4678,312.46,386.85,74.39,349.655,37.195,312.46,1,17,16,9,8,1,5,5,0,5,0,5,139,220,81,179.5,40.5,139,0.82,2.66,1.84,1.74,0.92,0.82,1,2,1,1.5,0.5,1,0,5,5,2.5,2.5,0,0,10,10,5,5,0,0,0,0,0,0,0,1,17,16,9,8,1,0,1,1,0.5,0.5,0,0,1,1,0.5,0.5,0,0,0,0,0,0,0,0,0,0,0,0,0,1,1,0,1,0,1,43.015,90.7225,47.7075,66.86875,23.85375,43.015,0,1.062,1.062,0.531,0.531,0,0,0,0,0,0,0,64,229,165,146.5,82.5,64
0.6,ZrC,0,Zr1 C1,6,40,34,23,17,6,44,77,33,60.5,16.5,44,12.0107,91.224,79.2133,51.61735,39.60665,12.0107,2128,3823,1695,2975.5,847.5,2128,4,14,10,9,5,4,2,5,3,3.5,1.5,2,76,175,99,125.5,49.5,76,1.33,2.55,1.22,1.94,0.61,1.33,2,2,0,2,0,2,0,2,2,1,1,0,0,2,2,1,1,0,0,0,0,0,0,0,4,4,0,4,0,4,0,0,0,0,0,0,0,4,4,2,2,0,0,8,8,4,4,0,0,0,0,0,0,0,4,8,4,6,2,4,5.64,23.195,17.555,14.4175,8.7775,5.64,0,4.496,4.496,2.248,2.248,0,0,0,0,0,0,0,194,194,0,194,0,194
5.15,Fe1I2,0.4522,Fe1 I2,26,53,27,44,12,53,55,96,41,82.33333333,18.22222222,96,55.845,126.90447,71.05947,103.21798,31.58198667,126.90447,386.85,1811,1424.15,861.5666667,632.9555556,386.85,8,17,9,14,4,17,4,5,1,4.666666667,0.4444444444,5,132,139,7,136.6666667,3.111111111,139,1.83,2.66,0.83,2.383333333,0.3688888889,2.66,2,2,0,2,0,2,0,5,5,3.333333333,2.222222222,5,6,10,4,8.666666667,1.777777778,10,0,0,0,0,0,0,8,17,9,14,4,17,0,0,0,0,0,0,0,1,1,0.6666666667,0.4444444444,1,0,4,4,1.333333333,1.777777778,0,0,0,0,0,0,0,1,4,3,2,1.333333333,1,10.73,43.015,32.285,32.25333333,14.34888889,43.015,0,1.062,1.062,0.708,0.472,1.062,0,2.1106628,2.1106628,0.7035542667,0.9380723556,0,64,229,165,119,73.33333333,64
2.6,Sc1N1,0.325,Sc1 N1,7,21,14,14,7,7,11,82,71,46.5,35.5,11,14.0067,44.955912,30.949212,29.481306,15.474606,14.0067,63.05,1814,1750.95,938.525,875.475,63.05,3,15,12,9,6,3,2,4,2,3,1,2,71,170,99,120.5,49.5,71,1.36,3.04,1.68,2.2,0.84,1.36,2,2,0,2,0,2,0,3,3,1.5,1.5,0,0,1,1,0.5,0.5,0,0,0,0,0,0,0,3,5,2,4,1,3,0,0,0,0,0,0,0,3,3,1.5,1.5,0,0,9,9,4.5,4.5,0,0,0,0,0,0,0,3,9,6,6,3,3,14.76875,22.235,7.46625,18.501875,3.733125,14.76875,0,6.437,6.437,3.2185,3.2185,0,0,6.35E-06,6.35E-06,3.18E-06,3.18E-06,0,194,194,0,194,0,194
0.55,PrO,0,Pr1 O1,8,59,51,33.5,25.5,8,17,87,70,52,35,17,15.9994,140.90765,124.90825,78.453525,62.454125,15.9994,54.8,1204,1149.2,629.4,574.6,54.8,3,16,13,9.5,6.5,3,2,6,4,4,2,2,66,203,137,134.5,68.5,66,1.13,3.44,2.31,2.285,1.155,1.13,2,2,0,2,0,2,0,4,4,2,2,0,0,0,0,0,0,0,0,3,3,1.5,1.5,0,5,6,1,5.5,0.5,5,0,0,0,0,0,0,0,2,2,1,1,0,0,0,0,0,0,0,0,11,11,5.5,5.5,0,2,11,9,6.5,4.5,2,9.105,35.675,26.57,22.39,13.285,9.105,0,0,0,0,0,0,0,0,0,0,0,0,12,194,182,103,91,12
7.69,Mg1O1,4.638,Mg1 O1,8,12,4,10,2,8,68,87,19,77.5,9.5,68,15.9994,24.305,8.3056,20.1522,4.1528,15.9994,54.8,923,868.2,488.9,434.1,54.8,2,16,14,9,7,2,2,3,1,2.5,0.5,2,66,141,75,103.5,37.5,66,1.31,3.44,2.13,2.375,1.065,1.31,2,2,0,2,0,2,0,4,4,2,2,0,0,0,0,0,0,0,0,0,0,0,0,0,2,6,4,4,2,2,0,0,0,0,0,0,0,2,2,1,1,0,0,0,0,0,0,0,0,0,0,0,0,0,0,2,2,1,1,0,9.105,22.89,13.785,15.9975,6.8925,9.105,0,0,0,0,0,0,0,0,0,0,0,0,12,194,182,103,91,12
5.493,C,2.6904,C1,6,6,0,6,0,6,77,77,0,77,0,77,12.0107,12.0107,0,12.0107,0,12.0107,3823,3823,0,3823,0,3823,14,14,0,14,0,14,2,2,0,2,0,2,76,76,0,76,0,76,2.55,2.55,0,2.55,0,2.55,2,2,0,2,0,2,2,2,0,2,0,2,0,0,0,0,0,0,0,0,0,0,0,0,4,4,0,4,0,4,0,0,0,0,0,0,4,4,0,4,0,4,0,0,0,0,0,0,0,0,0,0,0,0,4,4,0,4,0,4,5.64,5.64,0,5.64,0,5.64,4.496,4.496,0,4.496,0,4.496,0,0,0,0,0,0,194,194,0,194,0,194
2.59,Cu2O1,0.5127,Cu2 O1,8,29,21,22,9.333333333,29,64,87,23,71.66666667,10.22222222,64,15.9994,63.546,47.5466,47.69713333,21.13182222,63.546,54.8,1357.77,1302.97,923.4466667,579.0977778,1357.77,11,16,5,12.66666667,2.222222222,11,2,4,2,3.333333333,0.8888888889,4,66,132,66,110,29.33333333,132,1.9,3.44,1.54,2.413333333,0.6844444444,1.9,1,2,1,1.333333333,0.4444444444,1,0,4,4,1.333333333,1.777777778,0,0,10,10,6.666666667,4.444444444,10,0,0,0,0,0,0,6,11,5,9.333333333,2.222222222,11,0,1,1,0.6666666667,0.4444444444,1,0,2,2,0.6666666667,0.8888888889,0,0,0,0,0,0,0,0,0,0,0,0,0,1,2,1,1.333333333,0.4444444444,1,9.105,11.07,1.965,10.415,0.8733333333,11.07,0,0,0,0,0,0,0,0,0,0,0,0,12,225,213,154,94.66666667,225
2.13,Hg1I2,1.4602,Hg1 I2,53,80,27,62,12,53,71,96,25,87.66666667,11.11111111,96,126.90447,200.59,73.68553,151.4663133,32.74912444,126.90447,234.32,386.85,152.53,336.0066667,67.79111111,386.85,12,17,5,15.33333333,2.222222222,17,5,6,1,5.333333333,0.4444444444,5,132,139,7,136.6666667,3.111111111,139,2,2.66,0.66,2.44,0.2933333333,2.66,2,2,0,2,0,2,0,5,5,3.333333333,2.222222222,5,10,10,0,10,0,10,0,14,14,4.666666667,6.222222222,0,17,26,9,20,4,17,0,0,0,0,0,0,0,1,1,0.6666666667,0.4444444444,1,0,0,0,0,0,0,0,0,0,0,0,0,0,1,1,0.6666666667,0.4444444444,1,25.23758621,43.015,17.77741379,37.0891954,7.901072797,43.015,0,1.062,1.062,0.708,0.472,1.062,0,0,0,0,0,0,64,166,102,98,45.33333333,64
2.2,Al1As1,1.6871,Al1 As1,13,33,20,23,10,13,73,84,11,78.5,5.5,73,26.9815386,74.9216,47.9400614,50.9515693,23.9700307,26.9815386,933.47,1090,156.53,1011.735,78.265,933.47,13,15,2,14,1,13,3,4,1,3.5,0.5,3,119,121,2,120,1,119,1.61,2.18,0.57,1.895,0.285,1.61,2,2,0,2,0,2,1,3,2,2,1,1,0,10,10,5,5,0,0,0,0,0,0,0,3,15,12,9,6,3,0,0,0,0,0,0,3,5,2,4,1,3,0,0,0,0,0,0,0,0,0,0,0,0,3,5,2,4,1,3,16.48,22.175,5.695,19.3275,2.8475,16.48,0,0,0,0,0,0,0,0,0,0,0,0,166,225,59,195.5,29.5,166
1.62,Ce2Se3,0,Ce2 Se3,34,58,24,43.6,11.52,34,15,89,74,59.4,35.52,89,78.96,140.116,61.156,103.4224,29.35488,78.96,494,1071,577,724.8,276.96,494,3,16,13,10.8,6.24,16,4,6,2,4.8,0.96,4,120,204,84,153.6,40.32,120,1.12,2.55,1.43,1.978,0.6864,2.55,2,2,0,2,0,2,0,4,4,2.4,1.92,4,1,10,9,6.4,4.32,10,0,1,1,0.4,0.48,0,4,16,12,11.2,5.76,16,0,0,0,0,0,0,0,2,2,1.2,0.96,2,0,9,9,3.6,4.32,0,0,13,13,5.2,6.24,0,2,22,20,10,9.6,2,25.92,37.24,11.32,30.448,5.4336,25.92,0,0.799,0.799,0.4794,0.38352,0.799,0,0,0,0,0,0,14,194,180,86,86.4,14
1.84,Eu2O3,0,Eu2 O3,8,63,55,30,26.4,8,25,87,62,62.2,29.76,87,15.9994,151.964,135.9646,70.38524,65.263008,15.9994,54.8,1095,1040.2,470.88,499.296,54.8,3,16,13,10.8,6.24,16,2,6,4,3.6,1.92,2,66,198,132,118.8,63.36,66,1.185,3.44,2.255,2.538,1.0824,3.44,2,2,0,2,0,2,0,4,4,2.4,1.92,4,0,0,0,0,0,0,0,7,7,2.8,3.36,0,6,9,3,7.2,1.44,6,0,0,0,0,0,0,0,2,2,1.2,0.96,2,0,0,0,0,0,0,0,7,7,2.8,3.36,0,2,7,5,4,2.4,2,9.105,36.46,27.355,20.047,13.1304,9.105,0,0,0,0,0,0,0,0,0,0,0,0,12,229,217,98.8,104.16,12
8.5,Rb1Cl1,5.0162,Rb1 Cl1,17,37,20,27,10,17,4,94,90,49,45,4,35.453,85.4678,50.0148,60.4604,25.0074,35.453,171.6,312.46,140.86,242.03,70.43,171.6,1,17,16,9,8,1,3,5,2,4,1,3,102,220,118,161,59,102,0.82,3.16,2.34,1.99,1.17,0.82,1,2,1,1.5,0.5,1,0,5,5,2.5,2.5,0,0,0,0,0,0,0,0,0,0,0,0,0,1,7,6,4,3,1,0,1,1,0.5,0.5,0,0,1,1,0.5,0.5,0,0,0,0,0,0,0,0,0,0,0,0,0,1,1,0,1,0,1,24.4975,90.7225,66.225,57.61,33.1125,24.4975,0,2.493,2.493,1.2465,1.2465,0,0,0,0,0,0,0,64,229,165,146.5,82.5,64
3.23,Pb1Br2,2.7342,Pb1 Br2,35,82,47,50.66666667,20.88888889,35,81,95,14,90.33333333,6.222222222,95,79.904,207.2,127.296,122.336,56.576,79.904,265.8,600.61,334.81,377.4033333,148.8044444,265.8,14,17,3,16,1.333333333,17,4,6,2,4.666666667,0.8888888889,4,120,146,26,128.6666667,11.55555556,120,2.33,2.96,0.63,2.75,0.28,2.96,2,2,0,2,0,2,2,5,3,4,1.333333333,5,10,10,0,10,0,10,0,14,14,4.666666667,6.222222222,0,17,28,11,20.66666667,4.888888889,17,0,0,0,0,0,0,1,4,3,2,1.333333333,1,0,0,0,0,0,0,0,0,0,0,0,0,1,4,3,2,1.333333333,1,28.11,29.48,1.37,29.02333333,0.6088888889,29.48,0,1.457,1.457,0.9713333333,0.6475555556,1.457,0,0,0,0,0,0,64,225,161,117.6666667,71.55555556,64
2.29,Zn1Te1,1.0782,Zn1 Te1,30,52,22,41,11,30,69,90,21,79.5,10.5,69,65.38,127.6,62.22,96.49,31.11,65.38,692.68,722.66,29.98,707.67,14.99,692.68,12,16,4,14,2,12,4,5,1,4.5,0.5,4,122,138,16,130,8,122,1.65,2.1,0.45,1.875,0.225,1.65,2,2,0,2,0,2,0,4,4,2,2,0,10,10,0,10,0,10,0,0,0,0,0,0,12,16,4,14,2,12,0,0,0,0,0,0,0,2,2,1,1,0,0,0,0,0,0,0,0,0,0,0,0,0,0,2,2,1,1,0,13.96,34.76333333,20.80333333,24.36166667,10.40166667,13.96,0,0.464,0.464,0.232,0.232,0,0,0,0,0,0,0,152,194,42,173,21,152
1.79,Ho1N1,0.2401,Ho1 N1,7,67,60,37,30,7,33,82,49,57.5,24.5,33,14.0067,164.93032,150.92362,89.46851,75.46181,14.0067,63.05,1747,1683.95,905.025,841.975,63.05,3,15,12,9,6,3,2,6,4,4,2,2,71,192,121,131.5,60.5,71,1.23,3.04,1.81,2.135,0.905,1.23,2,2,0,2,0,2,0,3,3,1.5,1.5,0,0,0,0,0,0,0,0,11,11,5.5,5.5,0,5,13,8,9,4,5,0,0,0,0,0,0,0,3,3,1.5,1.5,0,0,0,0,0,0,0,0,3,3,1.5,1.5,0,3,3,0,3,0,3,14.76875,30.73333333,15.96458333,22.75104167,7.982291667,14.76875,0,6.437,6.437,3.2185,3.2185,0,0,0,0,0,0,0,194,194,0,194,0,194
4,As2O3,3.6301,As2 O3,8,33,25,18,12,8,84,87,3,85.8,1.44,87,15.9994,74.9216,58.9222,39.56828,28.282656,15.9994,54.8,1090,1035.2,468.88,496.896,54.8,15,16,1,15.6,0.48,16,2,4,2,2.8,0.96,2,66,119,53,87.2,25.44,66,2.18,3.44,1.26,2.936,0.6048,3.44,2,2,0,2,0,2,3,4,1,3.6,0.48,4,0,10,10,4,4.8,0,0,0,0,0,0,0,6,15,9,9.6,4.32,6,0,0,0,0,0,0,2,3,1,2.4,0.48,2,0,0,0,0,0,0,0,0,0,0,0,0,2,3,1,2.4,0.48,2,9.105,22.175,13.07,14.333,6.2736,9.105,0,0,0,0,0,0,0,0,0,0,0,0,12,166,154,73.6,73.92,12
3.5,Sn1Br2,2.1959,Sn1 Br2,35,50,15,40,6.666666667,35,80,95,15,90,6.666666667,95,79.904,118.71,38.806,92.83933333,17.24711111,79.904,265.8,505.08,239.28,345.56,106.3466667,265.8,14,17,3,16,1.333333333,17,4,5,1,4.333333333,0.4444444444,4,120,139,19,126.3333333,8.444444444,120,1.96,2.96,1,2.626666667,0.4444444444,2.96,2,2,0,2,0,2,2,5,3,4,1.333333333,5,10,10,0,10,0,10,0,0,0,0,0,0,14,17,3,16,1.333333333,17,0,0,0,0,0,0,1,4,3,2,1.333333333,1,0,0,0,0,0,0,0,0,0,0,0,0,1,4,3,2,1.333333333,1,29.48,33.285,3.805,30.74833333,1.691111111,29.48,0,1.457,1.457,0.9713333333,0.6475555556,1.457,0,0,0,0,0,0,64,141,77,89.66666667,34.22222222,64
1.7,Rb3Sb1,0.0878,Rb3 Sb1,37,51,14,40.5,5.25,37,4,85,81,24.25,30.375,4,85.4678,121.76,36.2922,94.54085,13.609575,85.4678,312.46,903.78,591.32,460.29,221.745,312.46,1,15,14,4.5,5.25,1,5,5,0,5,0,5,139,220,81,199.75,30.375,220,0.82,2.05,1.23,1.1275,0.46125,0.82,1,2,1,1.25,0.375,1,0,3,3,0.75,1.125,0,0,10,10,2.5,3.75,0,0,0,0,0,0,0,1,15,14,4.5,5.25,1,0,1,1,0.75,0.375,1,0,3,3,0.75,1.125,0,0,0,0,0,0,0,0,0,0,0,0,0,1,3,2,1.5,0.75,1,31.56,90.7225,59.1625,75.931875,22.1859375,90.7225,0,0,0,0,0,0,0,0,0,0,0,0,166,229,63,213.25,23.625,229
6.25,K1I1,4.0433,K1 I1,19,53,34,36,17,19,3,96,93,49.5,46.5,3,39.0983,126.90447,87.80617,83.001385,43.903085,39.0983,336.53,386.85,50.32,361.69,25.16,336.53,1,17,16,9,8,1,4,5,1,4.5,0.5,4,139,203,64,171,32,139,0.82,2.66,1.84,1.74,0.92,0.82,1,2,1,1.5,0.5,1,0,5,5,2.5,2.5,0,0,10,10,5,5,0,0,0,0,0,0,0,1,17,16,9,8,1,0,1,1,0.5,0.5,0,0,1,1,0.5,0.5,0,0,0,0,0,0,0,0,0,0,0,0,0,1,1,0,1,0,1,43.015,73.10666667,30.09166667,58.06083333,15.04583333,43.015,0,1.062,1.062,0.531,0.531,0,0,0,0,0,0,0,64,229,165,146.5,82.5,64
4.1,Sn1O2,1.4068,Sn1 O2,8,50,42,22,18.66666667,8,80,87,7,84.66666667,3.111111111,87,15.9994,118.71,102.7106,50.23626667,45.64915556,15.9994,54.8,505.08,450.28,204.8933333,200.1244444,54.8,14,16,2,15.33333333,0.8888888889,16,2,5,3,3,1.333333333,2,66,139,73,90.33333333,32.44444444,66,1.96,3.44,1.48,2.946666667,0.6577777778,3.44,2,2,0,2,0,2,2,4,2,3.333333333,0.8888888889,4,0,10,10,3.333333333,4.444444444,0,0,0,0,0,0,0,6,14,8,8.666666667,3.555555556,6,0,0,0,0,0,0,2,4,2,2.666666667,0.8888888889,2,0,0,0,0,0,0,0,0,0,0,0,0,2,4,2,2.666666667,0.8888888889,2,9.105,33.285,24.18,17.165,10.74666667,9.105,0,0,0,0,0,0,0,0,0,0,0,0,12,141,129,55,57.33333333,12
1.9,Pr2Se3,1.426,Pr2 Se3,34,59,25,44,12,34,17,89,72,60.2,34.56,89,78.96,140.90765,61.94765,103.73906,29.734872,78.96,494,1204,710,778,340.8,494,3,16,13,10.8,6.24,16,4,6,2,4.8,0.96,4,120,203,83,153.2,39.84,120,1.13,2.55,1.42,1.982,0.6816,2.55,2,2,0,2,0,2,0,4,4,2.4,1.92,4,0,10,10,6,4.8,10,0,3,3,1.2,1.44,0,5,16,11,11.6,5.28,16,0,0,0,0,0,0,0,2,2,1.2,0.96,2,0,0,0,0,0,0,0,11,11,4.4,5.28,0,2,11,9,5.6,4.32,2,25.92,35.675,9.755,29.822,4.6824,25.92,0,0.799,0.799,0.4794,0.38352,0.799,0,0,0,0,0,0,14,194,180,86,86.4,14
0.36,Mg2Sn1,0,Mg2 Sn1,12,50,38,24.66666667,16.88888889,12,68,80,12,72,5.333333333,68,24.305,118.71,94.405,55.77333333,41.95777778,24.305,505.08,923,417.92,783.6933333,185.7422222,923,2,14,12,6,5.333333333,2,3,5,2,3.666666667,0.8888888889,3,139,141,2,140.3333333,0.8888888889,141,1.31,1.96,0.65,1.526666667,0.2888888889,1.31,2,2,0,2,0,2,0,2,2,0.6666666667,0.8888888889,0,0,10,10,3.333333333,4.444444444,0,0,0,0,0,0,0,2,14,12,6,5.333333333,2,0,0,0,0,0,0,0,4,4,1.333333333,1.777777778,0,0,0,0,0,0,0,0,0,0,0,0,0,0,4,4,1.333333333,1.777777778,0,22.89,33.285,10.395,26.355,4.62,22.89,0,0,0,0,0,0,0,0,0,0,0,0,141,194,53,176.3333333,23.55555556,194
0.185,Pb1Te1,1.0582,Pb1 Te1,52,82,30,67,15,52,81,90,9,85.5,4.5,81,127.6,207.2,79.6,167.4,39.8,127.6,600.61,722.66,122.05,661.635,61.025,600.61,14,16,2,15,1,14,5,6,1,5.5,0.5,5,138,146,8,142,4,138,2.1,2.33,0.23,2.215,0.115,2.1,2,2,0,2,0,2,2,4,2,3,1,2,10,10,0,10,0,10,0,14,14,7,7,0,16,28,12,22,6,16,0,0,0,0,0,0,2,4,2,3,1,2,0,0,0,0,0,0,0,0,0,0,0,0,2,4,2,3,1,2,28.11,34.76333333,6.653333333,31.43666667,3.326666667,28.11,0,0.464,0.464,0.232,0.232,0,0,0,0,0,0,0,152,225,73,188.5,36.5,152
6.2,Mn1S1,0,Mn1 S1,16,25,9,20.5,4.5,16,52,88,36,70,18,52,32.065,54.938045,22.873045,43.5015225,11.4365225,32.065,388.36,1519,1130.64,953.68,565.32,388.36,7,16,9,11.5,4.5,7,3,4,1,3.5,0.5,3,105,139,34,122,17,105,1.55,2.58,1.03,2.065,0.515,1.55,2,2,0,2,0,2,0,4,4,2,2,0,0,5,5,2.5,2.5,0,0,0,0,0,0,0,6,7,1,6.5,0.5,6,0,0,0,0,0,0,0,2,2,1,1,0,0,5,5,2.5,2.5,0,0,0,0,0,0,0,2,5,3,3.5,1.5,2,10.48758621,25.786875,15.29928879,18.1372306,7.649644397,10.48758621,0,2.202,2.202,1.101,1.101,0,0,0.0003101206897,0.0003101206897,0.0001550603448,0.0001550603448,0,70,217,147,143.5,73.5,70
1.2,Sn1Se1,0.8203,Sn1 Se1,34,50,16,42,8,34,80,89,9,84.5,4.5,80,78.96,118.71,39.75,98.835,19.875,78.96,494,505.08,11.08,499.54,5.54,494,14,16,2,15,1,14,4,5,1,4.5,0.5,4,120,139,19,129.5,9.5,120,1.96,2.55,0.59,2.255,0.295,1.96,2,2,0,2,0,2,2,4,2,3,1,2,10,10,0,10,0,10,0,0,0,0,0,0,14,16,2,15,1,14,0,0,0,0,0,0,2,4,2,3,1,2,0,0,0,0,0,0,0,0,0,0,0,0,2,4,2,3,1,2,25.92,33.285,7.365,29.6025,3.6825,25.92,0,0.799,0.799,0.3995,0.3995,0,0,0,0,0,0,0,14,141,127,77.5,63.5,14
3.66,Mo1O3,1.6488,Mo1 O3,8,42,34,16.5,12.75,8,50,87,37,77.75,13.875,87,15.9994,95.96,79.9606,35.98955,29.985225,15.9994,54.8,2896,2841.2,765.1,1065.45,54.8,6,16,10,13.5,3.75,16,2,5,3,2.75,1.125,2,66,154,88,88,33,66,2.16,3.44,1.28,3.12,0.48,3.44,1,2,1,1.75,0.375,2,0,4,4,3,1.5,4,0,5,5,1.25,1.875,0,0,0,0,0,0,0,6,6,0,6,0,6,0,1,1,0.25,0.375,0,0,2,2,1.5,0.75,2,0,5,5,1.25,1.875,0,0,0,0,0,0,0,2,6,4,3,1.5,2,9.105,15.69,6.585,10.75125,2.469375,9.105,0,0,0,0,0,0,0,0,0,0,0,0,12,229,217,66.25,81.375,12
0.025,Ag2Te1,0,Ag2 Te1,47,52,5,48.66666667,2.222222222,47,65,90,25,73.33333333,11.11111111,65,107.8682,127.6,19.7318,114.4454667,8.769688889,107.8682,722.66,1234.93,512.27,1064.173333,227.6755556,1234.93,11,16,5,12.66666667,2.222222222,11,5,5,0,5,0,5,138,145,7,142.6666667,3.111111111,145,1.93,2.1,0.17,1.986666667,0.07555555556,1.93,1,2,1,1.333333333,0.4444444444,1,0,4,4,1.333333333,1.777777778,0,10,10,0,10,0,10,0,0,0,0,0,0,11,16,5,12.66666667,2.222222222,11,0,1,1,0.6666666667,0.4444444444,1,0,2,2,0.6666666667,0.8888888889,0,0,0,0,0,0,0,0,0,0,0,0,0,1,2,1,1.333333333,0.4444444444,1,16.33,34.76333333,18.43333333,22.47444444,8.192592593,16.33,0,0.464,0.464,0.1546666667,0.2062222222,0,0,0,0,0,0,0,152,225,73,200.6666667,32.44444444,225
3.073,Tl1Br1,2.3494,Tl1 Br1,35,81,46,58,23,35,76,95,19,85.5,9.5,76,79.904,204.3833,124.4793,142.14365,62.23965,79.904,265.8,577,311.2,421.4,155.6,265.8,13,17,4,15,2,13,4,6,2,5,1,4,120,145,25,132.5,12.5,120,1.62,2.96,1.34,2.29,0.67,1.62,2,2,0,2,0,2,1,5,4,3,2,1,10,10,0,10,0,10,0,14,14,7,7,0,17,27,10,22,5,17,0,0,0,0,0,0,1,5,4,3,2,1,0,0,0,0,0,0,0,0,0,0,0,0,1,5,4,3,2,1,26.91,29.48,2.57,28.195,1.285,26.91,0,1.457,1.457,0.7285,0.7285,0,0,0,0,0,0,0,64,194,130,129,65,64
0.23,NiTe,0,Ni1 Te1,28,52,24,40,12,28,61,90,29,75.5,14.5,61,58.6934,127.6,68.9066,93.1467,34.4533,58.6934,722.66,1728,1005.34,1225.33,502.67,722.66,10,16,6,13,3,10,4,5,1,4.5,0.5,4,124,138,14,131,7,124,1.91,2.1,0.19,2.005,0.095,1.91,2,2,0,2,0,2,0,4,4,2,2,0,8,10,2,9,1,8,0,0,0,0,0,0,10,16,6,13,3,10,0,0,0,0,0,0,0,2,2,1,1,0,0,2,2,1,1,0,0,0,0,0,0,0,2,2,0,2,0,2,10.32,34.76333333,24.44333333,22.54166667,12.22166667,10.32,0,0.464,0.464,0.232,0.232,0,0,0.5953947,0.5953947,0.29769735,0.29769735,0,152,225,73,188.5,36.5,152
3.1,Eu1S1,0,Eu1 S1,16,63,47,39.5,23.5,16,25,88,63,56.5,31.5,25,32.065,151.964,119.899,92.0145,59.9495,32.065,388.36,1095,706.64,741.68,353.32,388.36,3,16,13,9.5,6.5,3,3,6,3,4.5,1.5,3,105,198,93,151.5,46.5,105,1.185,2.58,1.395,1.8825,0.6975,1.185,2,2,0,2,0,2,0,4,4,2,2,0,0,0,0,0,0,0,0,7,7,3.5,3.5,0,6,9,3,7.5,1.5,6,0,0,0,0,0,0,0,2,2,1,1,0,0,0,0,0,0,0,0,7,7,3.5,3.5,0,2,7,5,4.5,2.5,2,25.786875,36.46,10.673125,31.1234375,5.3365625,25.786875,0,2.202,2.202,1.101,1.101,0,0,0,0,0,0,0,70,229,159,149.5,79.5,70
0.7,Ce1N1,0,Ce1 N1,7,58,51,32.5,25.5,7,15,82,67,48.5,33.5,15,14.0067,140.116,126.1093,77.06135,63.05465,14.0067,63.05,1071,1007.95,567.025,503.975,63.05,3,15,12,9,6,3,2,6,4,4,2,2,71,204,133,137.5,66.5,71,1.12,3.04,1.92,2.08,0.96,1.12,2,2,0,2,0,2,0,3,3,1.5,1.5,0,0,1,1,0.5,0.5,0,0,1,1,0.5,0.5,0,4,5,1,4.5,0.5,4,0,0,0,0,0,0,0,3,3,1.5,1.5,0,0,9,9,4.5,4.5,0,0,13,13,6.5,6.5,0,3,22,19,12.5,9.5,3,14.76875,37.24,22.47125,26.004375,11.235625,14.76875,0,6.437,6.437,3.2185,3.2185,0,0,0,0,0,0,0,194,194,0,194,0,194
2.91,Dy2S3,0.5948,Dy2 S3,16,66,50,36,24,16,31,88,57,65.2,27.36,88,32.065,162.5,130.435,84.239,62.6088,32.065,388.36,1685,1296.64,907.016,622.3872,388.36,3,16,13,10.8,6.24,16,3,6,3,4.2,1.44,3,105,192,87,139.8,41.76,105,1.22,2.58,1.36,2.036,0.6528,2.58,2,2,0,2,0,2,0,4,4,2.4,1.92,4,0,0,0,0,0,0,0,10,10,4,4.8,0,6,12,6,8.4,2.88,6,0,0,0,0,0,0,0,2,2,1.2,0.96,2,0,0,0,0,0,0,0,4,4,1.6,1.92,0,2,4,2,2.8,0.96,2,25.786875,31.24,5.453125,27.968125,2.6175,25.786875,0,2.202,2.202,1.3212,1.05696,2.202,0,0,0,0,0,0,70,194,124,119.6,59.52,70
2.52,Bi1I3,2.5587,Bi1 I3,53,83,30,60.5,11.25,53,86,96,10,93.5,3.75,96,126.90447,208.9804,82.07593,147.4234525,30.77847375,126.90447,386.85,544.4,157.55,426.2375,59.08125,386.85,15,17,2,16.5,0.75,17,5,6,1,5.25,0.375,5,139,148,9,141.25,3.375,139,2.02,2.66,0.64,2.5,0.24,2.66,2,2,0,2,0,2,3,5,2,4.5,0.75,5,10,10,0,10,0,10,0,14,14,3.5,5.25,0,17,29,12,20,4.5,17,0,0,0,0,0,0,1,3,2,1.5,0.75,1,0,0,0,0,0,0,0,0,0,0,0,0,1,3,2,1.5,0.75,1,32.95,43.015,10.065,40.49875,3.774375,43.015,0,1.062,1.062,0.7965,0.39825,1.062,0,0,0,0,0,0,12,64,52,51,19.5,64
2,Eu1Te1,0,Eu1 Te1,52,63,11,57.5,5.5,52,25,90,65,57.5,32.5,25,127.6,151.964,24.364,139.782,12.182,127.6,722.66,1095,372.34,908.83,186.17,722.66,3,16,13,9.5,6.5,3,5,6,1,5.5,0.5,5,138,198,60,168,30,138,1.185,2.1,0.915,1.6425,0.4575,1.185,2,2,0,2,0,2,0,4,4,2,2,0,0,10,10,5,5,0,0,7,7,3.5,3.5,0,9,16,7,12.5,3.5,9,0,0,0,0,0,0,0,2,2,1,1,0,0,0,0,0,0,0,0,7,7,3.5,3.5,0,2,7,5,4.5,2.5,2,34.76333333,36.46,1.696666667,35.61166667,0.8483333334,34.76333333,0,0.464,0.464,0.232,0.232,0,0,0,0,0,0,0,152,229,77,190.5,38.5,152
3.6,Mg1Te1,2.362,Mg1 Te1,12,52,40,32,20,12,68,90,22,79,11,68,24.305,127.6,103.295,75.9525,51.6475,24.305,722.66,923,200.34,822.83,100.17,722.66,2,16,14,9,7,2,3,5,2,4,1,3,138,141,3,139.5,1.5,138,1.31,2.1,0.79,1.705,0.395,1.31,2,2,0,2,0,2,0,4,4,2,2,0,0,10,10,5,5,0,0,0,0,0,0,0,2,16,14,9,7,2,0,0,0,0,0,0,0,2,2,1,1,0,0,0,0,0,0,0,0,0,0,0,0,0,0,2,2,1,1,0,22.89,34.76333333,11.87333333,28.82666667,5.936666667,22.89,0,0.464,0.464,0.232,0.232,0,0,0,0,0,0,0,152,194,42,173,21,152
3.7,Mo1O3,1.6488,Mo1 O3,8,42,34,16.5,12.75,8,50,87,37,77.75,13.875,87,15.9994,95.96,79.9606,35.98955,29.985225,15.9994,54.8,2896,2841.2,765.1,1065.45,54.8,6,16,10,13.5,3.75,16,2,5,3,2.75,1.125,2,66,154,88,88,33,66,2.16,3.44,1.28,3.12,0.48,3.44,1,2,1,1.75,0.375,2,0,4,4,3,1.5,4,0,5,5,1.25,1.875,0,0,0,0,0,0,0,6,6,0,6,0,6,0,1,1,0.25,0.375,0,0,2,2,1.5,0.75,2,0,5,5,1.25,1.875,0,0,0,0,0,0,0,2,6,4,3,1.5,2,9.105,15.69,6.585,10.75125,2.469375,9.105,0,0,0,0,0,0,0,0,0,0,0,0,12,229,217,66.25,81.375,12
1.4,Ce2Te3,0,Ce2 Te3,52,58,6,54.4,2.88,52,15,90,75,60,36,90,127.6,140.116,12.516,132.6064,6.00768,127.6,722.66,1071,348.34,861.996,167.2032,722.66,3,16,13,10.8,6.24,16,5,6,1,5.4,0.48,5,138,204,66,164.4,31.68,138,1.12,2.1,0.98,1.708,0.4704,2.1,2,2,0,2,0,2,0,4,4,2.4,1.92,4,1,10,9,6.4,4.32,10,0,1,1,0.4,0.48,0,4,16,12,11.2,5.76,16,0,0,0,0,0,0,0,2,2,1.2,0.96,2,0,9,9,3.6,4.32,0,0,13,13,5.2,6.24,0,2,22,20,10,9.6,2,34.76333333,37.24,2.476666667,35.754,1.1888,34.76333333,0,0.464,0.464,0.2784,0.22272,0.464,0,0,0,0,0,0,152,194,42,168.8,20.16,152
2.27,Sm2O3,3.8775,Sm2 O3,8,62,54,29.6,25.92,8,23,87,64,61.4,30.72,87,15.9994,150.36,134.3606,69.74364,64.493088,15.9994,54.8,1345,1290.2,570.88,619.296,54.8,3,16,13,10.8,6.24,16,2,6,4,3.6,1.92,2,66,198,132,118.8,63.36,66,1.17,3.44,2.27,2.532,1.0896,3.44,2,2,0,2,0,2,0,4,4,2.4,1.92,4,0,0,0,0,0,0,0,6,6,2.4,2.88,0,6,8,2,6.8,0.96,6,0,0,0,0,0,0,0,2,2,1.2,0.96,2,0,0,0,0,0,0,0,8,8,3.2,3.84,0,2,8,6,4.4,2.88,2,9.105,33.23,24.125,18.755,11.58,9.105,0,0,0,0,0,0,0,0,0,0,0,0,12,166,154,73.6,73.92,12
1.7,As2Se3,0.625,As2 Se3,33,34,1,33.6,0.48,34,84,89,5,87,2.4,89,74.9216,78.96,4.0384,77.34464,1.938432,78.96,494,1090,596,732.4,286.08,494,15,16,1,15.6,0.48,16,4,4,0,4,0,4,119,120,1,119.6,0.48,120,2.18,2.55,0.37,2.402,0.1776,2.55,2,2,0,2,0,2,3,4,1,3.6,0.48,4,10,10,0,10,0,10,0,0,0,0,0,0,15,16,1,15.6,0.48,16,0,0,0,0,0,0,2,3,1,2.4,0.48,2,0,0,0,0,0,0,0,0,0,0,0,0,2,3,1,2.4,0.48,2,22.175,25.92,3.745,24.422,1.7976,25.92,0,0.799,0.799,0.4794,0.38352,0.799,0,0,0,0,0,0,14,166,152,74.8,72.96,14
1.12,Si,0.8527,Si1,14,14,0,14,0,14,78,78,0,78,0,78,28.0855,28.0855,0,28.0855,0,28.0855,1687,1687,0,1687,0,1687,14,14,0,14,0,14,3,3,0,3,0,3,111,111,0,111,0,111,1.9,1.9,0,1.9,0,1.9,2,2,0,2,0,2,2,2,0,2,0,2,0,0,0,0,0,0,0,0,0,0,0,0,4,4,0,4,0,4,0,0,0,0,0,0,4,4,0,4,0,4,0,0,0,0,0,0,0,0,0,0,0,0,4,4,0,4,0,4,20.44,20.44,0,20.44,0,20.44,0.773,0.773,0,0.773,0,0.773,0,0,0,0,0,0,227,227,0,227,0,227
2.355,As2S3,2.1971,As2 S3,16,33,17,22.8,8.16,16,84,88,4,86.4,1.92,88,32.065,74.9216,42.8566,49.20764,20.571168,32.065,388.36,1090,701.64,669.016,336.7872,388.36,15,16,1,15.6,0.48,16,3,4,1,3.4,0.48,3,105,119,14,110.6,6.72,105,2.18,2.58,0.4,2.42,0.192,2.58,2,2,0,2,0,2,3,4,1,3.6,0.48,4,0,10,10,4,4.8,0,0,0,0,0,0,0,6,15,9,9.6,4.32,6,0,0,0,0,0,0,2,3,1,2.4,0.48,2,0,0,0,0,0,0,0,0,0,0,0,0,2,3,1,2.4,0.48,2,22.175,25.786875,3.611875,24.342125,1.7337,25.786875,0,2.202,2.202,1.3212,1.05696,2.202,0,0,0,0,0,0,70,166,96,108.4,46.08,70
3.246,Ag1Cl1,1.2003,Ag1 Cl1,17,47,30,32,15,17,65,94,29,79.5,14.5,65,35.453,107.8682,72.4152,71.6606,36.2076,35.453,171.6,1234.93,1063.33,703.265,531.665,171.6,11,17,6,14,3,11,3,5,2,4,1,3,102,145,43,123.5,21.5,102,1.93,3.16,1.23,2.545,0.615,1.93,1,2,1,1.5,0.5,1,0,5,5,2.5,2.5,0,0,10,10,5,5,0,0,0,0,0,0,0,7,11,4,9,2,7,0,1,1,0.5,0.5,0,0,1,1,0.5,0.5,0,0,0,0,0,0,0,0,0,0,0,0,0,1,1,0,1,0,1,16.33,24.4975,8.1675,20.41375,4.08375,16.33,0,2.493,2.493,1.2465,1.2465,0,0,0,0,0,0,0,64,225,161,144.5,80.5,64
0.33,Te,0.5752,Te1,52,52,0,52,0,52,90,90,0,90,0,90,127.6,127.6,0,127.6,0,127.6,722.66,722.66,0,722.66,0,722.66,16,16,0,16,0,16,5,5,0,5,0,5,138,138,0,138,0,138,2.1,2.1,0,2.1,0,2.1,2,2,0,2,0,2,4,4,0,4,0,4,10,10,0,10,0,10,0,0,0,0,0,0,16,16,0,16,0,16,0,0,0,0,0,0,2,2,0,2,0,2,0,0,0,0,0,0,0,0,0,0,0,0,2,2,0,2,0,2,34.76333333,34.76333333,0,34.76333333,0,34.76333333,0.464,0.464,0,0.464,0,0.464,0,0,0,0,0,0,152,152,0,152,0,152